{
    "pose": [
        [
            0.9999160766601562,
            -0.005000439938157797,
            -0.011951767839491367,
            0.37272363901138306
        ],
        [
            -0.011889015324413776,
            0.012395343743264675,
            -0.9998524785041809,
            -0.6530404686927795
        ],
        [
            0.0051478613168001175,
            0.9999106526374817,
            0.012334848754107952,
            0.19877122342586517
        ],
        [
            0.0,
            0.0,
            0.0,
            1.0
        ]
    ],
    "res_x": 800,
    "res_y": 800,
    "trans": true,
    "mode": "RGBA"
}