{
    "pose": [
        [
            1.0,
            0.0,
            0.0,
            0.38999998569488525
        ],
        [
            0.0,
            -4.371138828673793e-08,
            -1.0,
            -0.6700000166893005
        ],
        [
            0.0,
            1.0,
            -4.371138828673793e-08,
            0.20000000298023224
        ],
        [
            0.0,
            0.0,
            0.0,
            1.0
        ]
    ],
    "res_x": 800,
    "res_y": 800,
    "trans": true,
    "mode": "RGBA"
}